<?xml version="1.0" encoding="utf-8"?>
<items>
	<item>
		<Month>Jan</Month>
		<Profit>900</Profit>
	</item>
	<item>
		<Month>Feb</Month>
		<Profit>1400</Profit>
	</item>
	<item>
		<Month>Mar</Month>
		<Profit>1500</Profit>
	</item>
	<item>
		<Month>Apr</Month>
		<Profit>1900</Profit>
	</item>
	<item>
		<Month>May</Month>
		<Profit>1400</Profit>
	</item>
	<item>
		<Month>Jun</Month>
		<Profit>2000</Profit>
	</item>
	<item>
		<Month>Jul</Month>
		<Profit>1800</Profit>
	</item>
	<item>
		<Month>Aug</Month>
		<Profit>2500</Profit>
	</item>
	<item>
		<Month>Sep</Month>
		<Profit>3000</Profit>
	</item>
	<item>
		<Month>Oct</Month>
		<Profit>2000</Profit>
	</item>
	<item>
		<Month>Nov</Month>
		<Profit>2100</Profit>
	</item>
	<item>
		<Month>Dec</Month>
		<Profit>1700</Profit>
	</item>
</items>